Nombre,Especialidad,Subespecialidad,Email,Telefono,Consultorio,Direccion,SitioWeb,Perfil_URL,Pais,Fuente
Jhoan Torres,Medicina Interna,,jhoantorres2@gmail.com,tel: 099 760 0315 email- jhoantorres2@gmail.com,Centro Medico Citimed Consulta Externa,"Quito, Ecuador. Av. Mariana de Jesús OE7-02 y Nuño de Valderrama",,https://directorio.cliniweb.com/jhoan-torres,Panama,Cliniweb-Esp
Desiré Torres,Medicina Interna,,vtmedical.internistas@gmail.com,,Centro Medico Citimed Centro Médico Citimed,", . Piso 6- Consultorio 639 - Av. Mariana de Jesús OE7-02 y Nuño de Valderrama Distrito Metropolitano De Quito, Pichincha, Ecuador",,https://directorio.cliniweb.com/desire-torres,Panama,Cliniweb-Esp
"Ricardo Concepción, MD, MPH","Medicina Interna, Salud Pública","Medicina del Sueño, Trastornos del Sueño",raconcepcionmd@gmail.com,,,,https://www.hospitalsanfernando.com/clinica-del-sueno/,https://directorio.cliniweb.com/dr-ricardo-concepcion,Panama,Cliniweb-Esp
Luisana Herman,Medicina Interna,,hermanluisana@gmail.com,,Centro Medico Citimed Centro Médico Citimed,", . Piso 6- Consultorio 623- Av. Mariana de Jesús OE7-02 y Nuño de Valderrama Distrito Metropolitano De Quito, Pichincha, Ecuador",,https://directorio.cliniweb.com/luisana-herman,Panama,Cliniweb-Esp
Gabriela Zambrano Sánchez,Medicina Interna,Maestría en Enfermedades Infecciosas,gabyzambmosq@icloud.com,, Medinteam,"Quito, Ecuador. Av. Mariana de Jesús OE7-02 y Nuño de Valderrama",www.gabrielazambranomd.com,https://directorio.cliniweb.com/patricia-gabriela-zambrano-sanchez,Panama,Cliniweb-Esp
Cornelia Dingler,Medicina Interna,,ximesoraymt@outlook.es,(02) 453-0230,Citimed Consultorio de Cornelia  Dingler,"Quito, Ecuador. Av. Mariana de Jesús OE7-02 y Nuño de Valderrama",,https://directorio.cliniweb.com/cornelia-dingler,Panama,Cliniweb-Esp
Marlene Estrella Alarcón,Medicina Interna,,drastar57@gmail.com,99 710 2941, Novaclinica,"Quito, Ecuador. Novaclínica Santa Cecilia",,https://directorio.cliniweb.com/marlene-estrella-alarcon,Panama,Cliniweb-Esp
Grace Johanna Salazar Tamayo,"Infectología, Medicina Interna",Epidemiología Hospitalaria,grace.salazar@gmail.com,tel: 099 982 6893 tel: 452 2462,Centro Medico Citimed Consultorio de Grace Johanna Salazar Tamayo,"Quito, Ecuador. Av. Mariana de Jesús OE7-02 y Nuño de Valderrama",www.infectologoquito.com,https://directorio.cliniweb.com/grace-johanna-salazar-tamayo,Panama,Cliniweb-Esp
Valeria Araujo,Medicina Interna,,vale_araujo@hotmail.com,tel: 098 314 4727,Citimed Inner,"Quito, Ecuador. Av. Mariana de Jesús OE7-02 y Nuño de Valderrama",www.inner-ec.com/,https://directorio.cliniweb.com/valeria-araujo,Panama,Cliniweb-Esp
Hugo Miranda,Medicina Interna,,confirmaciondecitasinner@gmail.com,tel: 098 497 2924,Citimed Inner,"Quito, Ecuador. Av. Mariana de Jesús OE7-02 y Nuño de Valderrama",/inner-ec.com,https://directorio.cliniweb.com/hugo-miranda,Panama,Cliniweb-Esp
Angel Santillán,Medicina Interna,,absantil@yahoo.com.mx,098 729 2383,Centro Medico Citimed Citimed,"Quito, Ecuador. Av. Mariana de Jesús OE7-02 y Nuño de Valderrama",,https://directorio.cliniweb.com/angel-santillan,Panama,Cliniweb-Esp
Francisco Javier Paz Pineda,Medicina Interna,,soporte@cliniweb.com,, BLV. V. H. I  25-19 Z. 15 OF. 806 MULTIMEDICA,"GUATEMALA, Guatemala. BLV. V. H. I  25-19 Z. 15 OF. 806 MULTIMEDICA",,https://directorio.cliniweb.com/francisco-javier-paz-pineda,Panama,Cliniweb-Esp
Mario Navas,Medicina Interna,,mnavas@inscora.org,099 919 3676,CDR Inscora,"Quito, Ecuador. Av. Mariana de Jesús OE7-02 y Nuño de Valderrama",,https://directorio.cliniweb.com/mario-navas,Panama,Cliniweb-Esp
Erika Lucia  Rosales Lemus,Medicina Interna,,soporte@cliniweb.com,," 6ª AVENIDA 9-18 ZONA 10, EDIFICIO SIXTINO II ALA II, 8º NIVEL, OFICINA 804","GUATEMALA, Guatemala. 6ª AVENIDA 9-18 ZONA 10, EDIFICIO SIXTINO II ALA II, 8º NIVEL, OFICINA 804",,https://directorio.cliniweb.com/erika-lucia-rosales-lemus,Panama,Cliniweb-Esp
Luis Estuardo Barreda Mata,Medicina Interna,,soporte@cliniweb.com,, BLVD. RAFAEL LANDIVAR EDIFICIO DECIMO PASELO CAYALA LOCAL 104,"GUATEMALA, Guatemala. BLVD. RAFAEL LANDIVAR EDIFICIO DECIMO PASELO CAYALA LOCAL 104",,https://directorio.cliniweb.com/luis-estuardo-barreda-mata,Panama,Cliniweb-Esp
Claudia Romelia Estrada Monroy,Medicina Interna,,soporte@cliniweb.com,, 6A AVENIDA 7-39 ZONA 10 EDIFICIO LAS BRISAS 5TO NIVEL OFICINA 505,"GUATEMALA, Guatemala. 6A AVENIDA 7-39 ZONA 10 EDIFICIO LAS BRISAS 5TO NIVEL OFICINA 505",,https://directorio.cliniweb.com/claudia-romelia-estrada-monroy,Panama,Cliniweb-Esp
Jennifer Adriana Tricallotis Guerra,Medicina Interna,,soporte@cliniweb.com,098 940 5352,CDR Inner,"Quito, Ecuador. Av. Mariana de Jesús OE7-02 y Nuño de Valderrama",,https://directorio.cliniweb.com/jennifer-adriana-tricallotis-guerra,Panama,Cliniweb-Esp
Luis Carlos  Del Valle De León,Medicina Interna,,soporte@cliniweb.com,," 5A AVENIDA 6 - 84 ZONA 1, HUEHUETENANGO. CENTRO MEDICO LA FE","HUEHUETENANGO, Guatemala. 5A AVENIDA 6 - 84 ZONA 1, HUEHUETENANGO. CENTRO MEDICO LA FE",,https://directorio.cliniweb.com/luis-carlos-del-valle-de-leon,Panama,Cliniweb-Esp
Julio César Argueta Reyes,Medicina Interna,,soporte@cliniweb.com,, 10 CALLE 2-45 ZONA 14 OF. 803 8 NIVEL CLINICAS MEDICAS DE LAS AMERICAS,"GUATEMALA, Guatemala. 10 CALLE 2-45 ZONA 14 OF. 803 8 NIVEL CLINICAS MEDICAS DE LAS AMERICAS",,https://directorio.cliniweb.com/julio-cesar-argueta-reyes,Panama,Cliniweb-Esp
Rosa María Guadalupe Flores Aceituno,Medicina Interna,,soporte@cliniweb.com,," AVENIDA LAS AMERICAS 11-50 ZONA 3, CONDADO SANTA MARIA, EDIFICIO IMPERIA, CLINICA 10","QUETZALTENANGO, Guatemala. AVENIDA LAS AMERICAS 11-50 ZONA 3, CONDADO SANTA MARIA, EDIFICIO IMPERIA, CLINICA 10",,https://directorio.cliniweb.com/rosa-maria-guadalupe-flores-aceituno,Panama,Cliniweb-Esp
Arturo Carranza Corzo,Medicina Interna,,soporte@cliniweb.com,," 10A. CALLE 2-45, Z. 14,OF. 501 CLI. DE LAS AMERICAS 5TO. NIVEL.","GUATEMALA, Guatemala. 10A. CALLE 2-45, Z. 14,OF. 501 CLI. DE LAS AMERICAS 5TO. NIVEL.",,https://directorio.cliniweb.com/arturo-carranza-corzo,Panama,Cliniweb-Esp
Edgar Miguel López Alvarez,Medicina Interna,,soporte@cliniweb.com,, 6 AVENIDA 8-71 ZONA  10  CLI. HERRERA LL. NIV.3  CLI. 15 ALA SUR,"GUATEMALA, Guatemala. 6 AVENIDA 8-71 ZONA  10  CLI. HERRERA LL. NIV.3  CLI. 15 ALA SUR ",,https://directorio.cliniweb.com/edgar-miguel-lopez-alvarez,Panama,Cliniweb-Esp
Mynor Adolfo Aguilar Vasquez,Medicina Interna,,soporte@cliniweb.com,, 6A. AV. 9-18 Z. 10 ED. SIXTINO 2 OF. 703 ALA 1 NIVEL 7,"GUATEMALA, Guatemala. 6A. AV. 9-18 Z. 10 ED. SIXTINO 2 OF. 703 ALA 1 NIVEL 7",,https://directorio.cliniweb.com/mynor-adolfo-aguilar-vasquez,Panama,Cliniweb-Esp
Arnoldo Rene Fuentes Castañeda,Medicina Interna,,soporte@cliniweb.com,," 8AVE. Y 3 CALLLE ESQUINA ZONA 4, HUEHUETENANGO","HUEHUETENANGO, Guatemala. 8AVE. Y 3 CALLLE ESQUINA ZONA 4, HUEHUETENANGO",,https://directorio.cliniweb.com/arnoldo-rene-fuentes-castaneda,Panama,Cliniweb-Esp
Manuel Estuardo Cordon López,Medicina Interna,,soporte@cliniweb.com,," 20 CALLE 18-23, Z. 10,OF. 204","GUATEMALA, Guatemala. 20 CALLE 18-23, Z. 10,OF. 204",,https://directorio.cliniweb.com/manuel-estuardo-cordon-lopez,Panama,Cliniweb-Esp
Cecilia Farinango,Medicina Interna,,soporte@cliniweb.com,tel: 099 717 4607,Centro Medico Citimed Rigss Riesgos Y Gestión De Sistemas De Salud,"Quito, Ecuador. Av. Mariana de Jesús OE7-02 y Nuño de Valderrama",,https://directorio.cliniweb.com/cecilia-farinango,Panama,Cliniweb-Esp
Julio Ricardo Guillen Moreno,Medicina Interna,,soporte@cliniweb.com,, 6A.  AV. 3-22 ZONA 10  CENTRO MEDICO TORRE II  NIVEL 3 OF. 309,"GUATEMALA, Guatemala. 6A.  AV. 3-22 ZONA 10  CENTRO MEDICO TORRE II  NIVEL 3 OF. 309",,https://directorio.cliniweb.com/julio-ricardo-guillen-moreno,Panama,Cliniweb-Esp
Yamileth Carolina Barroeta,Medicina Interna,,yamilethbarroeta@hotmail.com,,Centro Medico Citimed Centro Médico Citimed,", . Piso 4- Consultorio 348 - Av. Mariana de Jesús OE7-02 y Nuño de Valderrama Distrito Metropolitano De Quito, Pichincha, Ecuador",,https://directorio.cliniweb.com/yamileth-carolina-barroeta,Panama,Cliniweb-Esp
Elder Amado Sanchez López,Medicina Interna,,soporte@cliniweb.com,, 26 AVE. 5-90 Z.11 NIVEL 2 C.C. MAJADAS PUNTO MEDICO CLI. 1,"GUATEMALA, Guatemala. 26 AVE. 5-90 Z.11 NIVEL 2 C.C. MAJADAS PUNTO MEDICO CLI. 1",,https://directorio.cliniweb.com/elder-amado-sanchez-lopez,Panama,Cliniweb-Esp
Angela María Del Carmen  Arguello Gutierrez,Medicina Interna,,soporte@cliniweb.com,," EDIFICIO DISTRITO MIRAFLORES 19 AVE. 2-78, ZONA 11 CLÍNICA 208","GUATEMALA, Guatemala. EDIFICIO DISTRITO MIRAFLORES 19 AVE. 2-78, ZONA 11 CLÍNICA 208",,https://directorio.cliniweb.com/angela-maria-del-carmen-arguello-gutierrez,Panama,Cliniweb-Esp
Helio Omar Lee Esteban,Medicina Interna,,soporte@cliniweb.com,, 17. AVE. 28-26  ZONA  11 COLONIA LAS CHARCAS,"GUATEMALA, Guatemala. 17. AVE. 28-26  ZONA  11 COLONIA LAS CHARCAS",,https://directorio.cliniweb.com/helio-omar-lee-esteban,Panama,Cliniweb-Esp
Sergio Mauricio Paz Solorzano,Medicina Interna,,soporte@cliniweb.com,, KM. 29.5 CARRETERA AL PACIFICO C.C. FLORES DEL LAGO,"AMATITLAN, Guatemala. KM. 29.5 CARRETERA AL PACIFICO C.C. FLORES DEL LAGO ",,https://directorio.cliniweb.com/sergio-mauricio-paz-solorzano,Panama,Cliniweb-Esp
Rudy Antonio Obregon Alvarado,Medicina Interna,,soporte@cliniweb.com,, 4TA. AVE. 3-36 ZONA 10,"GUATEMALA, Guatemala. 4TA. AVE. 3-36 ZONA 10",,https://directorio.cliniweb.com/rudy-antonio-obregon-alvarado,Panama,Cliniweb-Esp
Ana Regina Cruz Armas,Medicina Interna,,soporte@cliniweb.com,," 6 AVE Y 2 CALLE 1-63 ZONA 1 CHIQUIMULA, CHIQUIMULA","CHIQUIMULA, Guatemala. 6 AVE Y 2 CALLE 1-63 ZONA 1 CHIQUIMULA, CHIQUIMULA",,https://directorio.cliniweb.com/ana-regina-cruz-armas,Panama,Cliniweb-Esp
Leonel Fernando Castellanos García,Medicina Interna,,soporte@cliniweb.com,, 10 MA AVENIDA 4 -09 ZONA 1,"GUATEMALA, Guatemala. 10 MA AVENIDA 4 -09 ZONA 1 ",,https://directorio.cliniweb.com/leonel-fernando-castellanos-garcia,Panama,Cliniweb-Esp
Rodríguez Albisurez  Nelson Edwan,Medicina Interna,,soporte@cliniweb.com,," 6 AV. 9-18 ZONA 10 EDIFICIO SIXTINO II, 6TO NIVEL OF 604 ALA 1","GUATEMALA, Guatemala. 6 AV. 9-18 ZONA 10 EDIFICIO SIXTINO II, 6TO NIVEL OF 604 ALA 1",,https://directorio.cliniweb.com/rodriguez-albisurez-nelson-edwan,Panama,Cliniweb-Esp
Lewin Anzueto  Byron H.,Medicina Interna,,soporte@cliniweb.com,, 6A AVENIDA 3-22 ZONA 10 ED. CENTRO MEDICO II OF. 405,"GUATEMALA, Guatemala. 6A AVENIDA 3-22 ZONA 10 ED. CENTRO MEDICO II OF. 405",,https://directorio.cliniweb.com/lewin-anzueto-byron-h,Panama,Cliniweb-Esp
María Fernanda Peña,Medicina Interna,,mafepeva@hotmail.com,098 425 1702,CDR Consultorio de María Fernanda  Peña,"Quito, Ecuador. Av. Mariana de Jesús OE7-02 y Nuño de Valderrama",,https://directorio.cliniweb.com/maria-fernanda-pena,Panama,Cliniweb-Esp
Ana María Gómez Jaramillo,"Medicina General, Medicina Interna",,info@anagomezmd.com,,Centro Medico Citimed SuportaMed,", . Piso 8 - Consultorio 801 - Av. Mariana de Jesús OE7-02 y Nuño de Valderrama",,https://directorio.cliniweb.com/ana-maria-gomez-jaramillo,Panama,Cliniweb-Esp
Pedro J. Vinicio Méndez Jerez,Medicina Interna,,soporte@cliniweb.com,, BLV. V. H. I  25-19 Z. 15 OF. 806 MULTIMEDICA,"GUATEMALA, Guatemala. BLV. V. H. I  25-19 Z. 15 OF. 806 MULTIMEDICA",,https://directorio.cliniweb.com/pedro-j-vinicio-mendez-jerez,Panama,Cliniweb-Esp
Iván Paredes Salvador,Medicina Interna,,ivanparedessalvador@hotmail.com,099 891 8191,CDR Consultorio de Iván Paredes Salvador,"Quito, Ecuador. Av. Mariana de Jesús OE7-02 y Nuño de Valderrama",,https://directorio.cliniweb.com/ivan-paredes-salvador,Panama,Cliniweb-Esp
"Neurotec, S.a.","Medicina Interna, Neurología, Neurofisiología",,neurotec040@hotmail.com,,,,,https://directorio.cliniweb.com/neurotec-sa,Panama,Cliniweb-Esp
Xavier Villota Acosta,Medicina Interna,,vtmedical.internistas@gmail.com,tel: 099 6 755 653,Centro Medico Citimed VT Medical,"Quito, Ecuador. Av. Mariana de Jesús OE7-02 y Nuño de Valderrama",,https://directorio.cliniweb.com/xavier-villota-acosta,Panama,Cliniweb-Esp
Cristina Moreno Izquierdo,Medicina Interna,,cristinamorenoizquierdo@hotmail.com,099 834 4583,CDR Consultorio de Cristina Moreno Izquierdo,"Quito, Ecuador. Av. Mariana de Jesús OE7-02 y Nuño de Valderrama",,https://directorio.cliniweb.com/cristina-moreno-izquierdo,Panama,Cliniweb-Esp
Roderico Ramon Guerra Obando,Medicina Interna,,soporte@cliniweb.com,, 12 AVENIDA  33-32 ZONA 05 NIVEL 1,"GUATEMALA, Guatemala. 12 AVENIDA  33-32 ZONA 05 NIVEL 1",,https://directorio.cliniweb.com/roderico-ramon-guerra-obando,Panama,Cliniweb-Esp
Edder Rene Sandoval García,Medicina Interna,,soporte@cliniweb.com,, 6 AVE. 9-18 ZONA 10 EDIFICIO SIXTINO II LOCALES 3 Y 4 DE PLANTA BAJA. GASTROSOLUCIONES,"GUATEMALA, Guatemala. 6 AVE. 9-18 ZONA 10 EDIFICIO SIXTINO II LOCALES 3 Y 4 DE PLANTA BAJA. GASTROSOLUCIONES",,https://directorio.cliniweb.com/edder-rene-sandoval-garcia,Panama,Cliniweb-Esp
Nery Oswaldo Mencos Quiñonez,Medicina Interna,,soporte@cliniweb.com,," 06 AVENIDA 03-22 ZONA  10 CM II, OFICINA 404","GUATEMALA, Guatemala. 06 AVENIDA 03-22 ZONA  10 CM II, OFICINA 404",,https://directorio.cliniweb.com/nery-oswaldo-mencos-quinonez,Panama,Cliniweb-Esp
Dulis Neftaly Velasquez Miranda,Medicina Interna,,soporte@cliniweb.com,, BLV. V. H. I  25-19 Z. 15 OF. 806 MULTIMEDICA,"GUATEMALA, Guatemala. BLV. V. H. I  25-19 Z. 15 OF. 806 MULTIMEDICA",,https://directorio.cliniweb.com/dulis-neftaly-velasquez-miranda,Panama,Cliniweb-Esp
Jeanyffer Walleska Hernandez Maldonado,Medicina Interna,,soporte@cliniweb.com,," 23 CALLE 15-50, CONDADO NARANJO, EDIFICIO CRECE, TORRE II OFICINA 501, ZONA 4 DE MIXCO","MIXCO, Guatemala. 23 CALLE 15-50, CONDADO NARANJO, EDIFICIO CRECE, TORRE II OFICINA 501, ZONA 4 DE MIXCO",,https://directorio.cliniweb.com/jeanyffer-walleska-hernandez-maldonado,Panama,Cliniweb-Esp
Fernando Estuardo Wiss Quintana,Medicina Interna,,soporte@cliniweb.com,, 10 CALLE A 0-51 ZONA 10,"GUATEMALA, Guatemala. 10 CALLE A 0-51 ZONA 10 ",,https://directorio.cliniweb.com/fernando-estuardo-wiss-quintana,Panama,Cliniweb-Esp
Henry Alfredo  Tocay Ajcuc,Medicina Interna,,soporte@cliniweb.com,, 6A AVENIDA 9-18 ZONA 10 SIXTINO 2 OF. 3 Y 4 PLANTA BAJA GASTROSOLUCIONES,"GUATEMALA, Guatemala. 6A AVENIDA 9-18 ZONA 10 SIXTINO 2 OF. 3 Y 4 PLANTA BAJA GASTROSOLUCIONES",,https://directorio.cliniweb.com/henry-alfredo-tocay-ajcuc,Panama,Cliniweb-Esp
Helmer Leonidas Zarazua Estrada,Medicina Interna,,soporte@cliniweb.com,," EDIFICIO TIKAL FUTURA, TORRE SOL, NIVEL 7, OF. 7C","GUATEMALA, Guatemala. EDIFICIO TIKAL FUTURA, TORRE SOL, NIVEL 7, OF. 7C",,https://directorio.cliniweb.com/helmer-leonidas-zarazua-estrada,Panama,Cliniweb-Esp
César Oswaldo García García,Medicina Interna,,soporte@cliniweb.com,, 6 AVE. 0-60 ZONA 4 TORRE 1 NIVEL 8 OF. 803,"GUATEMALA, Guatemala. 6 AVE. 0-60 ZONA 4 TORRE 1 NIVEL 8 OF. 803",,https://directorio.cliniweb.com/cesar-oswaldo-garcia-garcia,Panama,Cliniweb-Esp
Alejandro Hernandez Monroy,Medicina Interna,,soporte@cliniweb.com,, BLV. V. H. I  25-19 Z. 15 OF. 806 MULTIMEDICA,"GUATEMALA, Guatemala. BLV. V. H. I  25-19 Z. 15 OF. 806 MULTIMEDICA",,https://directorio.cliniweb.com/alejandro-hernandez-monroy,Panama,Cliniweb-Esp
Alejandro  Illescas Castellanos,Medicina Interna,,soporte@cliniweb.com,," 6A. AVENIDA 9-18 ZONA 10, EDIFICIO SIXTINO II, OFICINA 3 Y 4 PLANTA BAJA","GUATEMALA, Guatemala. 6A. AVENIDA 9-18 ZONA 10, EDIFICIO SIXTINO II, OFICINA 3 Y 4 PLANTA BAJA",,https://directorio.cliniweb.com/alejandro-illescas-castellanos,Panama,Cliniweb-Esp
Robinson Peña,Medicina Interna,Diabetes,robinsonp222@hotmail.com,tel: 098 640 2262 correo: robinsonp222@hotmail.com,Centro Medico Citimed Medlife,"Quito, Ecuador. Av. Mariana de Jesús OE7-02 y Nuño de Valderrama",chequeoejecutivo.com/,https://directorio.cliniweb.com/robinson-pena,Panama,Cliniweb-Esp
Kam-tai Lee Simon,Medicina Interna,,soporte@cliniweb.com,, 06 AVENIDA  07-39 ZONA  10 LAS BRISAS 203A,"GUATEMALA, Guatemala. 06 AVENIDA  07-39 ZONA  10 LAS BRISAS 203A",,https://directorio.cliniweb.com/kam-tai-lee-simon,Panama,Cliniweb-Esp
Lourdes García,"Medicina Interna, Neumología",,medicusphysiocenter@gmail.com,,Centro Medico Citimed MEDICUS & Physio Center,", . Piso 6 - Consultorio 627 - Av. Mariana de Jesús OE7-02 y Nuño de Valderrama",,https://directorio.cliniweb.com/lourdes-garcia,Panama,Cliniweb-Esp
Fernando Estuardo Wyss Quintana,Medicina Interna,,soporte@cliniweb.com,, 10 CALLE A 0-51 ZONA 10,"GUATEMALA, Guatemala. 10 CALLE A 0-51 ZONA 10",,https://directorio.cliniweb.com/fernando-estuardo-wyss-quintana,Panama,Cliniweb-Esp
Felipe Mosquera,Medicina Interna,,fmosquera@puce.edu.ec,099 893 5883,CDR Medinteam,"Quito, Ecuador. Av. Mariana de Jesús OE7-02 y Nuño de Valderrama",,https://directorio.cliniweb.com/felipe-mosquera,Panama,Cliniweb-Esp
Bran Morales  Sergio Leonel,Medicina Interna,,soporte@cliniweb.com,, 6TA AVE 7 -55 ZONA 10 2DO NIVEL N015,"GUATEMALA, Guatemala. 6TA AVE 7 -55 ZONA 10 2DO NIVEL N015",,https://directorio.cliniweb.com/bran-morales-sergio-leonel,Panama,Cliniweb-Esp
Francisco J. Fernández De Paz,Medicina Interna,,soporte@cliniweb.com,, BLV. V. H. I  25-19 Z. 15 OF. 806 MULTIMEDICA,"GUATEMALA, Guatemala. BLV. V. H. I  25-19 Z. 15 OF. 806 MULTIMEDICA",,https://directorio.cliniweb.com/francisco-j-fernandez-de-paz,Panama,Cliniweb-Esp
Claudia Lucrecia Menendez Valencia,Medicina Interna,,soporte@cliniweb.com,, 6AV 9-18 Z.10 SIXTINO 2 OF. 601,"GUATEMALA, Guatemala. 6AV 9-18 Z.10 SIXTINO 2 OF. 601",,https://directorio.cliniweb.com/claudia-lucrecia-menendez-valencia,Panama,Cliniweb-Esp
Edgar Ernesto Borrayo Morales,Medicina Interna,,soporte@cliniweb.com,," BARRIO EL PORVENIR, GUASTATOYA","JUTIAPA, Guatemala. BARRIO EL PORVENIR, GUASTATOYA",,https://directorio.cliniweb.com/edgar-ernesto-borrayo-morales,Panama,Cliniweb-Esp
Walter L. Zea Iriarte,Medicina Interna,,soporte@cliniweb.com,, BLV. V. H. I  25-19 Z. 15 OF. 715 MULTIMEDICA,"GUATEMALA, Guatemala. BLV. V. H. I  25-19 Z. 15 OF. 715 MULTIMEDICA",,https://directorio.cliniweb.com/walter-l-zea-iriarte,Panama,Cliniweb-Esp
Julio C. Arriola García,Medicina Interna,,soporte@cliniweb.com,," 6A. AVE. 3-22, Z. 10, C. M. II OF. 312","GUATEMALA, Guatemala. 6A. AVE. 3-22, Z. 10, C. M. II OF. 312",,https://directorio.cliniweb.com/julio-c-arriola-garcia,Panama,Cliniweb-Esp
Jorge Chang Mayorga,Medicina Interna,,soporte@cliniweb.com,, BLV. V. H. I  25-19 Z. 15 OF. 806 MULTIMEDICA,"GUATEMALA, Guatemala. BLV. V. H. I  25-19 Z. 15 OF. 806 MULTIMEDICA",,https://directorio.cliniweb.com/jorge-chang-mayorga,Panama,Cliniweb-Esp
Ana Veronica Paniagua Piloña,Medicina Interna,,soporte@cliniweb.com,," 6ª AVE. 9-18 ZONA 10, SIXTINO 2 NIVEL 9 OF. 902 ALA 1","GUATEMALA, Guatemala. 6ª AVE. 9-18 ZONA 10, SIXTINO 2 NIVEL 9 OF. 902 ALA 1",,https://directorio.cliniweb.com/ana-veronica-paniagua-pilona,Panama,Cliniweb-Esp
Carlos E. Vassaux Chinchilla,Medicina Interna,,soporte@cliniweb.com,," 14 CALLE 7-13, Z. 9, TORRE BLANCA NIVEL 10","GUATEMALA, Guatemala. 14 CALLE 7-13, Z. 9, TORRE BLANCA NIVEL 10",,https://directorio.cliniweb.com/carlos-e-vassaux-chinchilla,Panama,Cliniweb-Esp
Nilmo Noe Chavez Pérez,Medicina Interna,,soporte@cliniweb.com,," AVENIDA LA REFORMA 9-55 EDIFICIO REFORMA 10, NIVEL 9 OFICINA 902","GUATEMALA, Guatemala. AVENIDA LA REFORMA 9-55 EDIFICIO REFORMA 10, NIVEL 9 OFICINA 902",,https://directorio.cliniweb.com/nilmo-noe-chavez-perez,Panama,Cliniweb-Esp
Marcelo Orbe,Medicina Interna,,morbe@inscora.org,099 924 5268,CDR Inscora,"Quito, Ecuador. Av. Mariana de Jesús OE7-02 y Nuño de Valderrama",,https://directorio.cliniweb.com/marcelo-orbe,Panama,Cliniweb-Esp
Oscar Alejandro  Avendaño Flores,Medicina Interna,Hematología - Oncología,soporte@cliniweb.com,, 6TA. AVENIDA 3-22 ZONA 10 CENTRO MEDICO 2 OFICINA 803,"GUATEMALA, Guatemala. 6TA. AVENIDA 3-22 ZONA 10 CENTRO MEDICO 2 OFICINA 803",,https://directorio.cliniweb.com/oscar-alejandro-avendano-flores,Panama,Cliniweb-Esp
Josue  Barahona Garrido,Medicina Interna,,soporte@cliniweb.com,, 6A AVENIDA 9-18 ZONA 10 EDIF. SIXTINO 2 ALA 1 OF. 508,"GUATEMALA, Guatemala. 6A AVENIDA 9-18 ZONA 10 EDIF. SIXTINO 2 ALA 1 OF. 508",,https://directorio.cliniweb.com/josue-barahona-garrido,Panama,Cliniweb-Esp
Juan Antonio Ferriño Ventura,Medicina Interna,,soporte@cliniweb.com,, 6A. AVE. 3-69 ZONA 10 EDIFICIO CENTRO MEDICO I NIVEL 5,"GUATEMALA, Guatemala. 6A. AVE. 3-69 ZONA 10 EDIFICIO CENTRO MEDICO I NIVEL 5",,https://directorio.cliniweb.com/juan-antonio-ferrino-ventura,Panama,Cliniweb-Esp
Marco Tulio Amado Aragon,Medicina Interna,,soporte@cliniweb.com,, 2DA CALLE 24-00 ZONA 15 VISTA HERMOSA 2 EDIFICIO DOMANI OF. 906,"GUATEMALA, Guatemala. 2DA CALLE 24-00 ZONA 15 VISTA HERMOSA 2 EDIFICIO DOMANI OF. 906",,https://directorio.cliniweb.com/marco-tulio-amado-aragon,Panama,Cliniweb-Esp
Ezra Hermes De León Arias,Medicina Interna,,soporte@cliniweb.com,, BLV. V. H. I  25-19 Z. 15 OF. 806 MULTIMEDICA,"GUATEMALA, Guatemala. BLV. V. H. I  25-19 Z. 15 OF. 806 MULTIMEDICA",,https://directorio.cliniweb.com/ezra-hermes-de-leon-arias,Panama,Cliniweb-Esp
Luis Pedro García De La Riva,Medicina Interna,,soporte@cliniweb.com,," 06 AVENIDA 07-39, ZONA  10 OF. 100","GUATEMALA, Guatemala. 06 AVENIDA 07-39, ZONA  10 OF. 100",,https://directorio.cliniweb.com/luis-pedro-garcia-de-la-riva,Panama,Cliniweb-Esp
José España Tejena,Medicina Interna,,jespanat@hotmail.com,099 966 5236,CDR Servi Salud,"Quito, Ecuador. Av. Mariana de Jesús OE7-02 y Nuño de Valderrama",,https://directorio.cliniweb.com/jose-espana-tejena,Panama,Cliniweb-Esp
Juan Carlos Ortíz Mendoza,Medicina Interna,,soporte@cliniweb.com,, 6A AVENIDA 9-18 ZONA 10 EDIFICIO SIXTINO 2 OF. 1103 ALA 2,"GUATEMALA, Guatemala. 6A AVENIDA 9-18 ZONA 10 EDIFICIO SIXTINO 2 OF. 1103 ALA 2",,https://directorio.cliniweb.com/juan-carlos-ortiz-mendoza,Panama,Cliniweb-Esp
Carlos Leopoldo Sajche Valladares,Medicina Interna,,soporte@cliniweb.com,, BLVD. V.H. I 25-19 Z.15 E.MULTIMEDICA OF. 806,"GUATEMALA, Guatemala. BLVD. V.H. I 25-19 Z.15 E.MULTIMEDICA OF. 806",,https://directorio.cliniweb.com/carlos-leopoldo-sajche-valladares,Panama,Cliniweb-Esp
Jorge Estuardo Luna Guerra,Medicina Interna,,soporte@cliniweb.com,," 6A. AVE. 3-22, ZONA 10 CENTRO MEDICO II OF. 308","GUATEMALA, Guatemala. 6A. AVE. 3-22, ZONA 10 CENTRO MEDICO II OF. 308",,https://directorio.cliniweb.com/jorge-estuardo-luna-guerra,Panama,Cliniweb-Esp
Aura Patricia Paz Chajon,Medicina Interna,,soporte@cliniweb.com,," 16 AVE. A 3-79, ZONA 15 JARDINES DE MINERVA","GUATEMALA, Guatemala. 16 AVE. A 3-79, ZONA 15 JARDINES DE MINERVA",,https://directorio.cliniweb.com/aura-patricia-paz-chajon,Panama,Cliniweb-Esp
Lisbeth E. Rodriguez Rivera,Medicina Interna,Especialista en Enfermedades Infecciosas,info@myclinicpanama.com,,,,,https://directorio.cliniweb.com/lisbeth-e-rodriguez-rivera,Panama,Cliniweb-Esp
Pablo Estuardo Saenz González,Medicina Interna,,soporte@cliniweb.com,, 10 CALLE 6-40 ZONA 9 EDIFICIO SALUCENTRO CLINICA C4 NIVEL 4,"GUATEMALA, Guatemala. 10 CALLE 6-40 ZONA 9 EDIFICIO SALUCENTRO CLINICA C4 NIVEL 4 ",,https://directorio.cliniweb.com/pablo-estuardo-saenz-gonzalez,Panama,Cliniweb-Esp
Estuardo Alberto Zapata Niederheitmann,Medicina Interna,,soporte@cliniweb.com,," 6A. AVE. 9-18, Z. 10 EDIFICIO SIXTINO II, 2DO NIVEL ALA 2  CLINICA 202","GUATEMALA, Guatemala. 6A. AVE. 9-18, Z. 10 EDIFICIO SIXTINO II, 2DO NIVEL ALA 2  CLINICA 202",,https://directorio.cliniweb.com/estuardo-alberto-zapata-niederheitmann,Panama,Cliniweb-Esp
María Eugenia Samcam Navarrete,Medicina Interna,Hematología - Oncología,soporte@cliniweb.com,, 6A AVE. 7-55 ZONA 10 CLI.HERRERA LLERANDI ALA NORTE NIV. 1 CLINICA 2,"GUATEMALA, Guatemala. 6A AVE. 7-55 ZONA 10 CLI.HERRERA LLERANDI ALA NORTE NIV. 1 CLINICA 2",,https://directorio.cliniweb.com/maria-eugenia-samcam-navarrete,Panama,Cliniweb-Esp
Oscar Rene Suarez Najarro,Medicina Interna,,soporte@cliniweb.com,," 10A. CALLE 2-45, Z. 14 NIVEL 4 OF. 402","GUATEMALA, Guatemala. 10A. CALLE 2-45, Z. 14 NIVEL 4 OF. 402",,https://directorio.cliniweb.com/oscar-rene-suarez-najarro,Panama,Cliniweb-Esp
Hector Rolando   Meléndez Estrada,Medicina Interna,,soporte@cliniweb.com,, EDIFICIO ATLANTIS 13 CALLE 3 -40 ZONA 10 1ER NIVEL LOCAL 8 Y 2DO NIVEL LOCAL 34,"GUATEMALA, Guatemala. EDIFICIO ATLANTIS 13 CALLE 3 -40 ZONA 10 1ER NIVEL LOCAL 8 Y 2DO NIVEL LOCAL 34",,https://directorio.cliniweb.com/hector-rolando--melendez-estrada,Panama,Cliniweb-Esp
Dra. Xiomara de Anguizola,Medicina Interna,,,774-2453 / 775-4202 Ext. 5011,Hospital CMML,Panamá,hospitalcmml.com,,Panama,Hospital-CMML
Dr. Juan Marcos  Llerena,Medicina Interna,,,774-0383,Hospital CMML,Panamá,hospitalcmml.com,,Panama,Hospital-CMML
Dra. Ligia González,Medicina Interna,,,6224-1100,Hospital CMML,Panamá,hospitalcmml.com,,Panama,Hospital-CMML
Dr. Álvaro Pachon B.,Medicina Interna,,,Medicina Interna,Hospital CMML,Panamá,hospitalcmml.com,,Panama,Hospital-CMML
Dr. Johan Serrano,Medicina Interna,,,709-3366,Hospital CMML,Panamá,hospitalcmml.com,,Panama,Hospital-CMML
Dr. Einar Quintero,Medicina Interna,,,775-4616 Ext 232,Hospital CMML,Panamá,hospitalcmml.com,,Panama,Hospital-CMML
Dra. Larissa Beitia,Medicina Interna,,,730-1952 / 730-1953 / 6471-1412,Hospital CMML,Panamá,hospitalcmml.com,,Panama,Hospital-CMML
Dr. Jonathan Lezcano,Medicina Interna,,,775-4202 Ext. 4000 N° Consultorio 310 | Edificio: Torre Piso 2,Hospital CMML,Panamá,hospitalcmml.com,,Panama,Hospital-CMML
Dr. Amilcar Hurtado,Medicina Interna,,,6307-3715,Hospital CMML,Panamá,hospitalcmml.com,,Panama,Hospital-CMML
Dr. Anel Cubilla,Medicina Interna,,,Agenda tu cita al 775-4202 / 6550-3420,Hospital CMML,Panamá,hospitalcmml.com,,Panama,Hospital-CMML
